id,LotArea,OverallCond,YearBuilt,X1stFlrSF,X2ndFlrSF,BsmtFullBath,FullBath,TotRmsAbvGrd,GarageCars,SalePrice,employee_id
1,8450,5,2003,856,854,1,2,8,2,208500,1
2,9600,8,1976,1262,0,0,2,6,2,181500,1
3,11250,5,2001,920,866,1,2,6,2,223500,1
4,9550,5,1915,961,756,1,1,7,3,140000,1
5,14260,5,2000,1145,1053,1,2,9,3,250000,1
6,14115,5,1993,796,566,1,1,5,2,143000,1
7,10084,5,2004,1694,0,1,2,7,2,307000,1
8,10382,6,1973,1107,983,1,2,7,2,200000,1
9,6120,5,1931,1022,752,0,2,8,2,129900,1
10,7420,6,1939,1077,0,1,1,5,1,118000,1
11,11200,5,1965,1040,0,1,1,5,1,129500,1
12,11924,5,2005,1182,1142,1,3,11,3,345000,1
13,12968,6,1962,912,0,1,1,4,1,144000,1
14,10652,5,2006,1494,0,0,2,7,3,279500,1
15,10920,5,1960,1253,0,1,1,5,1,157000,1
16,6120,8,1929,854,0,0,1,5,2,132000,1
17,11241,7,1970,1004,0,1,1,5,2,149000,1
18,10791,5,1967,1296,0,0,2,6,2,90000,1
19,13695,5,2004,1114,0,1,1,6,2,159000,1
20,7560,6,1958,1339,0,0,1,6,1,139000,1
21,14215,5,2005,1158,1218,0,3,9,3,325300,1
22,7449,7,1930,1108,0,0,1,6,1,139400,1
23,9742,5,2002,1795,0,0,2,7,2,230000,1
24,4224,7,1976,1060,0,1,1,6,2,129900,1
25,8246,8,1968,1060,0,1,1,6,1,154000,1
26,14230,5,2007,1600,0,0,2,7,3,256300,1
27,7200,7,1951,900,0,0,1,5,2,134800,1
28,11478,5,2007,1704,0,1,2,7,3,306000,1
29,16321,6,1957,1600,0,1,1,6,1,207500,1
30,6324,6,1927,520,0,0,1,4,1,68500,1
31,8500,4,1920,649,668,0,1,6,1,40000,1
32,8544,6,1966,1228,0,0,1,6,1,149350,1
33,11049,5,2007,1234,0,0,2,7,2,179900,1
34,10552,5,1959,1700,0,0,1,6,2,165500,1
35,7313,5,2005,1561,0,1,2,6,2,277500,1
36,13418,5,2004,1132,1320,0,3,9,3,309000,1
37,10859,5,1994,1097,0,0,1,6,2,145000,1
38,8532,6,1954,1297,0,0,1,5,2,153000,1
39,7922,7,1953,1057,0,1,1,5,1,109000,1
40,6040,5,1955,1152,0,0,2,6,0,82000,1
41,8658,5,1965,1324,0,0,2,6,2,160000,1
42,16905,6,1959,1328,0,0,1,5,1,170000,1
43,9180,7,1983,884,0,1,1,5,2,144000,1
44,9200,6,1975,938,0,1,1,5,1,130250,1
45,7945,6,1959,1150,0,1,1,6,1,141000,1
46,7658,5,2005,1752,0,1,2,6,2,319900,1
47,12822,5,2003,1518,631,1,1,6,2,239686,1
48,11096,5,2006,1656,0,0,2,7,3,249700,1
49,4456,5,1920,736,716,0,2,8,0,113000,1
50,7742,7,1966,955,0,1,1,6,1,127000,1
51,13869,6,1997,794,676,0,2,6,2,177000,1
52,6240,6,1934,816,0,0,1,6,2,114500,1
53,8472,5,1963,816,0,1,1,5,2,110000,1
54,50271,5,1981,1842,0,2,0,5,3,385000,1
55,7134,5,1955,1360,0,0,1,6,2,130000,1
56,10175,5,1964,1425,0,0,2,7,2,180500,1
57,2645,5,1999,983,756,1,2,7,2,172500,1
58,11645,5,2004,860,860,0,2,7,2,196500,1
59,13682,5,2006,1426,1519,0,3,10,3,438780,1
60,7200,7,1972,780,0,0,1,4,1,124900,1
61,13072,5,2004,1158,0,1,1,5,2,158000,1
62,7200,7,1920,581,530,0,1,6,1,101000,1
63,6442,5,2006,1370,0,0,2,6,2,202500,1
64,10300,6,1921,902,808,0,2,9,2,140000,1
65,9375,5,1997,1057,977,1,2,8,2,219500,1
66,9591,5,2004,1143,1330,0,2,9,3,317000,1
67,19900,5,1970,2207,0,1,2,7,2,180000,1
68,10665,5,2003,1479,0,1,2,7,2,226000,1
69,4608,6,1945,747,0,0,1,4,1,80000,1
70,15593,4,1953,1304,983,0,2,7,2,225000,1
71,13651,6,1973,2223,0,1,2,8,2,244000,1
72,7599,6,1982,845,0,1,1,4,2,129500,1
73,10141,5,1998,885,833,0,2,7,2,185000,1
74,10200,7,1954,1086,0,1,1,6,2,144900,1
75,5790,6,1915,840,765,0,2,8,1,107400,1
76,1596,5,1973,526,462,1,1,5,1,91000,1
77,8475,7,1956,952,0,0,1,4,1,135750,1
78,8635,5,1948,1072,213,1,1,6,1,127000,1
79,10778,5,1968,1768,0,0,2,8,0,136500,1
80,10440,6,1910,682,548,0,1,5,2,110000,1
81,13000,6,1968,1182,960,0,2,8,1,193500,1
82,4500,5,1998,1337,0,1,2,5,2,153500,1
83,10206,5,2007,1563,0,0,2,6,3,245000,1
84,8892,5,1960,1065,0,0,1,6,2,126500,1
85,8530,5,1995,804,670,0,2,7,2,168500,1
86,16059,5,1991,1301,1116,0,2,9,2,260000,1
87,11911,5,2005,684,876,0,2,6,2,174000,1
88,3951,5,2009,612,612,0,2,4,2,164500,1
89,8470,2,1915,1013,0,0,1,6,0,85000,1
90,8070,5,1994,990,0,1,1,5,0,123600,1
91,7200,5,1950,1040,0,0,1,4,2,109900,1
92,8500,3,1961,1235,0,0,1,6,2,98600,1
93,13360,7,1921,964,0,1,1,5,2,163500,1
94,7200,6,1910,1260,1031,0,2,9,2,133900,1
95,9337,5,1997,905,881,1,2,7,2,204750,1
96,9765,8,1993,680,790,0,2,6,2,185000,1
97,10264,5,1999,1588,0,0,2,6,2,214000,1
98,10921,5,1965,960,0,1,1,6,1,94750,1
99,10625,5,1920,835,0,0,1,5,1,83000,1
100,9320,5,1959,1225,0,1,1,6,0,128950,1
101,10603,7,1977,1610,0,1,2,6,2,205000,1
102,9206,5,1985,977,755,0,2,7,2,178000,1
103,7018,5,1979,1535,0,0,2,8,2,118964,1
104,10402,5,2009,1226,0,0,2,6,3,198900,1
105,7758,4,1931,1226,592,0,1,7,1,169500,1
106,9375,5,2003,1053,939,0,2,9,2,250000,1
107,10800,7,1885,1047,0,0,1,6,1,100000,1
108,6000,5,1948,789,0,0,1,5,1,115000,1
109,8500,7,1919,997,520,0,2,7,0,115000,1
110,11751,6,1977,1844,0,0,2,7,2,190000,1
111,9525,4,1954,1216,639,0,2,7,1,136900,1
112,7750,5,2000,774,656,0,2,7,2,180000,1
113,9965,5,2007,1282,1414,1,2,10,3,383970,1
114,21000,5,1953,2259,0,1,2,7,2,217000,1
115,7259,8,1945,1436,884,1,2,9,1,259500,1
116,3230,5,1999,729,729,0,2,5,2,176000,1
117,11616,5,1962,1092,0,0,1,6,1,139000,1
118,8536,5,2006,1125,0,0,1,5,2,155000,1
119,12376,5,1990,1699,1523,1,3,11,3,320000,1
120,8461,5,2005,728,728,0,2,8,2,163990,1
121,21453,5,1969,988,0,1,1,4,2,180000,1
122,6060,5,1939,772,351,0,1,4,1,100000,1
123,9464,7,1958,1080,0,0,1,5,1,136000,1
124,7892,5,1993,1199,0,0,2,5,2,153900,1
125,17043,5,1979,1586,0,0,2,7,2,181000,1
126,6780,8,1935,520,0,1,1,5,0,84500,1
127,4928,5,1976,958,0,0,2,5,2,128000,1
128,4388,7,1930,840,0,0,1,5,0,87000,1
129,7590,5,1966,660,688,0,1,6,2,155000,1
130,8973,7,1958,1053,0,0,1,6,2,150000,1
131,14200,6,1966,1216,941,0,2,8,2,226000,1
132,12224,5,2000,1022,1032,1,2,7,2,244000,1
133,7388,6,1959,1327,0,1,1,7,2,150750,1
134,6853,5,2001,1296,0,1,2,6,2,220000,1
135,10335,6,1968,1721,0,0,2,7,2,180000,1
136,10400,6,1970,1682,0,0,2,7,2,174000,1
137,10355,5,1967,1214,0,0,2,5,1,143000,1
138,11070,5,1988,1959,0,0,3,9,3,171000,1
139,9066,5,1999,1004,848,0,2,7,3,230000,1
140,15426,5,1997,928,836,1,2,7,2,231500,1
141,10500,5,1971,864,0,0,1,5,0,115000,1
142,11645,5,2005,1734,0,1,2,7,2,260000,1
143,8520,4,1952,910,475,0,2,6,2,166000,1
144,10335,5,1999,1501,0,1,2,6,2,204000,1
145,9100,5,1963,1728,0,1,2,10,2,125000,1
146,2522,5,2004,970,739,0,2,7,2,130000,1
147,6120,7,1931,875,0,1,1,5,1,105000,1
148,9505,5,2001,884,1151,0,2,8,2,222500,1
149,7500,5,2004,1080,0,1,1,6,0,141000,1
150,6240,4,1936,896,448,0,1,7,1,115000,1
151,10356,6,1975,969,0,0,1,5,2,122000,1
152,13891,5,2007,1710,0,1,2,6,3,372402,1
153,14803,5,1971,1097,896,0,2,8,2,190000,1
154,13500,7,1960,1252,0,1,1,4,2,235000,1
155,11340,5,1923,1200,0,0,1,7,1,125000,1
156,9600,5,1924,572,524,0,1,5,0,79000,1
157,7200,7,1950,1040,0,0,1,5,2,109500,1
158,12003,5,2009,774,1194,0,2,8,3,269500,1
159,12552,5,2004,991,956,0,2,8,2,254900,1
160,19378,5,2005,1392,1070,1,2,9,2,320000,1
161,11120,6,1984,1232,0,0,2,6,2,162500,1
162,13688,5,2003,1572,1096,1,2,10,3,412500,1
163,12182,5,2005,1541,0,0,2,7,2,220000,1
164,5500,6,1956,882,0,0,1,4,0,103200,1
165,5400,7,1926,1149,467,0,2,5,1,152000,1
166,10106,7,1940,808,547,1,2,6,0,127500,1
167,10708,5,1955,1867,0,1,1,7,1,190000,1
168,10562,5,2007,1610,551,1,1,8,3,325624,1
169,8244,5,2004,840,880,0,2,7,2,183500,1
170,16669,6,1981,1707,0,0,2,6,2,228000,1
171,12358,6,1941,854,0,0,1,7,2,128500,1
172,31770,5,1960,1656,0,1,1,7,2,215000,1
173,5306,7,1987,1064,703,1,2,5,2,239000,1
174,10197,5,1961,1362,0,1,1,6,2,163000,1
175,12416,5,1986,1651,0,1,2,7,2,184000,1
176,12615,7,1950,2158,0,1,2,7,2,243000,1
177,10029,5,1988,1164,896,0,2,8,2,211000,1
178,13650,5,1958,1252,668,1,2,8,2,172500,1
179,17423,5,2008,2234,0,1,2,9,3,501837,1
180,8520,6,1923,968,0,0,1,5,2,100000,1
181,2117,5,2000,769,756,0,2,5,2,177000,1
182,7588,6,1920,901,901,0,1,9,1,200100,1
183,9060,6,1957,1340,0,0,1,7,1,120000,1
184,11426,5,2003,1362,720,0,2,6,2,200000,1
185,7438,8,1908,936,316,0,1,5,2,127000,1
186,22950,9,1892,1518,1518,0,2,12,3,475000,1
187,9947,5,1990,1217,0,1,2,6,2,173000,1
188,10410,7,1916,808,704,0,2,8,1,135000,1
189,7018,5,1979,1224,0,2,0,6,2,153337,1
190,4923,5,2001,1593,0,1,1,5,2,286000,1
191,10570,8,1932,1549,1178,0,2,10,2,315000,1
192,7472,9,1972,725,754,1,1,7,2,184000,1
193,9017,5,1999,1431,0,1,2,6,2,192000,1
194,2522,5,2004,970,739,0,2,7,2,130000,1
195,7180,7,1972,864,0,0,1,5,1,127000,1
196,2280,6,1976,855,601,0,2,7,2,148500,1
197,9416,5,2007,1726,0,1,2,8,3,311872,1
198,25419,4,1918,1360,1360,1,2,8,2,235000,1
199,5520,6,1912,929,929,0,1,8,0,104000,1
200,9591,5,2004,1713,0,1,2,7,3,274900,1
201,8546,5,2003,1121,0,0,2,5,2,140000,1
202,10125,6,1977,1279,0,0,2,6,2,171500,1
203,7000,6,1924,865,445,0,2,6,1,112000,1
204,4438,5,2004,848,0,1,1,3,2,149000,1
205,3500,7,1947,720,564,0,1,5,1,110000,1
206,11851,5,1990,1442,0,0,2,5,2,180500,1
207,13673,5,1962,1696,0,0,1,8,1,143900,1
208,12493,5,1960,1100,0,1,1,6,1,141000,1
209,14364,5,1988,1180,882,1,2,7,2,277000,1
210,8250,7,1964,1092,0,1,1,6,2,145000,1
211,5604,6,1925,864,0,1,1,5,0,98000,1
212,10420,5,2009,1212,0,0,2,6,2,186000,1
213,8640,5,2009,932,920,1,2,7,2,252678,1
214,13568,5,1995,990,0,0,1,5,2,156000,1
215,10900,7,1977,689,703,0,1,6,1,161750,1
216,10011,6,1957,1236,0,0,1,6,1,134450,1
217,8450,5,2004,1436,0,1,2,8,2,210000,1
218,9906,4,1925,810,518,0,1,8,1,107000,1
219,15660,9,1939,1137,817,0,1,8,2,311500,1
220,3010,5,2005,1248,0,0,2,5,2,167240,1
221,8990,5,2006,1498,0,0,2,5,2,204900,1
222,8068,5,2002,1010,1257,0,2,8,2,200000,1
223,11475,6,1975,811,741,1,2,6,2,179900,1
224,10500,6,1971,864,0,0,1,4,2,97000,1
225,13472,5,2003,2392,0,0,2,8,3,386250,1
226,1680,5,1971,630,672,0,2,6,1,112000,1
227,9950,5,1995,1214,1306,0,2,9,3,290000,1
228,1869,6,1970,483,504,0,1,5,1,106000,1
229,8521,5,1967,912,0,0,1,5,1,125000,1
230,3182,5,2005,1555,0,0,2,7,2,192500,1
231,8760,6,1959,1194,0,1,1,6,1,148000,1
232,15138,5,1995,1490,1304,1,2,9,3,403000,1
233,1680,5,1972,483,504,0,1,5,1,94500,1
234,10650,6,1976,894,0,1,1,5,1,128200,1
235,7851,5,2002,860,1100,1,2,8,2,216500,1
236,1680,3,1971,483,504,0,1,5,1,89500,1
237,8773,5,2004,1414,0,0,2,6,2,185500,1
238,9453,7,1993,1014,730,0,2,7,2,194500,1
239,12030,5,2007,1694,0,0,2,7,3,318000,1
240,8741,4,1945,798,689,0,1,7,1,113000,1
241,9000,5,2008,1566,0,1,2,7,2,262500,1
242,3880,9,1945,866,0,0,1,4,0,110500,1
243,5000,4,1900,889,551,0,1,6,1,79000,1
244,10762,6,1980,626,591,0,1,6,1,120000,1
245,8880,5,1994,1222,888,1,2,8,2,205000,1
246,10400,5,1988,1872,0,0,2,6,2,241500,1
247,9142,8,1910,908,1020,0,2,9,1,137000,1
248,11310,5,1954,1375,0,0,1,5,2,140000,1
249,11317,5,2003,840,828,0,2,8,2,180000,1
250,159000,7,1958,1444,700,0,2,7,2,277000,1
251,5350,2,1940,1306,0,0,1,6,0,76500,1
252,4750,5,2006,1625,0,1,2,5,2,235000,1
253,8366,5,2004,798,842,0,2,6,2,173000,1
254,9350,7,1964,1302,0,0,2,7,1,158000,1
255,8400,6,1957,1314,0,1,1,5,1,145000,1
256,8738,5,1999,1005,1286,0,2,8,2,230000,1
257,8791,5,2003,864,864,0,2,7,2,207500,1
258,8814,5,2006,1604,0,1,2,8,2,220000,1
259,12435,5,2001,963,829,0,2,7,2,231500,1
260,12702,5,1956,882,0,0,1,4,1,97000,1
261,19296,5,1962,1382,0,1,1,6,2,176000,1
262,9588,5,2007,1482,1092,0,2,10,3,276000,1
263,8471,7,1977,1212,0,1,1,6,2,151000,1
264,5500,7,1929,926,0,1,1,6,2,130000,1
265,5232,5,1925,764,0,0,1,4,2,73000,1
266,12090,6,1981,1422,0,0,2,7,2,175500,1
267,11207,5,1997,802,709,1,2,8,2,185000,1
268,8400,8,1939,1052,720,0,2,8,1,179500,1
269,6900,6,1940,778,0,0,1,4,1,120500,1
270,7917,7,1976,1113,0,1,1,6,1,148000,1
271,10728,5,2006,1095,844,0,2,8,3,266000,1
272,39104,7,1954,1363,0,1,1,5,2,241500,1
273,11764,7,1999,1164,1106,0,2,9,3,290000,1
274,9600,6,1958,1632,0,1,2,6,1,139000,1
275,8314,7,1982,816,0,0,1,5,1,124500,1
276,7264,7,1925,952,596,0,2,5,2,205000,1
277,9196,5,2003,1560,0,0,2,7,2,201000,1
278,19138,5,1951,864,0,0,1,4,2,141000,1
279,14450,5,2006,2121,0,0,2,8,3,415298,1
280,10005,5,1977,1156,866,0,2,8,2,192000,1
281,11287,6,1989,1175,807,0,2,7,2,228500,1
282,7200,5,2006,1262,0,0,2,5,2,185000,1
283,5063,5,2007,1314,0,1,2,6,2,207500,1
284,9612,5,2008,1468,0,0,2,6,3,244600,1
285,8012,5,1992,1575,0,1,2,5,2,179200,1
286,4251,5,2006,625,625,0,2,5,2,164700,1
287,9786,7,1962,1085,649,0,1,7,2,159000,1
288,8125,4,1971,858,0,0,1,5,0,88000,1
289,9819,5,1967,900,0,0,1,5,1,122000,1
290,8730,7,1915,698,698,0,1,7,1,153575,1
291,15611,5,2006,1079,840,0,2,8,2,233230,1
292,5687,6,1912,936,780,1,2,9,0,135900,1
293,11409,4,1949,1148,568,0,1,8,1,131000,1
294,16659,7,1977,1468,795,1,2,9,2,235000,1
295,9600,5,1953,1644,0,1,1,7,2,167000,1
296,7937,6,1984,1003,0,1,1,6,2,142500,1
297,13710,5,1950,910,648,0,1,6,1,152000,1
298,7399,5,1997,975,975,0,2,7,2,239000,1
299,11700,6,1968,1041,702,0,1,7,2,175000,1
300,14000,8,1950,1152,0,0,1,6,1,158500,1
301,15750,5,1953,1336,0,1,1,5,1,157000,1
302,16226,5,1998,1210,1242,0,2,9,2,267000,1
303,13704,5,2001,1541,0,0,2,6,3,205000,1
304,9800,7,1972,894,0,1,1,5,2,149900,1
305,18386,9,1880,1675,1818,0,3,10,3,295000,1
306,10386,5,2004,2000,0,1,2,8,3,305900,1
307,13474,5,1990,1122,1121,1,2,8,3,225000,1
308,7920,7,1920,1035,371,0,1,6,0,89500,1
309,12342,5,1940,861,0,0,1,4,2,82500,1
310,12378,5,2003,1944,0,1,2,8,3,360000,1
311,7685,5,1993,697,804,0,2,6,2,165600,1
312,8000,6,1948,972,0,1,1,5,1,132000,1
313,7800,7,1939,793,325,1,1,5,2,119900,1
314,215245,5,1965,2036,0,2,2,8,2,375000,1
315,9600,7,1925,832,809,0,1,6,2,178000,1
316,7795,5,2004,716,716,1,2,6,2,188500,1
317,13005,7,1980,1153,1200,1,2,10,2,260000,1
318,9000,5,2006,1088,871,0,2,8,3,270000,1
319,9900,5,1993,1372,1274,1,2,9,3,260000,1
320,14115,5,1980,1472,0,1,2,6,2,187500,1
321,16259,5,2006,1249,1347,0,3,9,3,342643,1
322,12099,5,2004,1136,1332,1,2,10,3,354000,1
323,10380,5,1986,1553,1177,1,2,8,2,301000,1
324,5820,8,1955,1163,0,1,1,6,1,126175,1
325,11275,7,1967,1898,1080,0,2,11,2,242000,1
326,5000,6,1941,803,0,0,1,5,2,87000,1
327,10846,5,1993,1719,0,2,1,6,2,324000,1
328,11600,5,1960,1383,0,0,1,7,1,145250,1
329,11888,6,1916,1445,689,0,2,10,2,214500,1
330,6402,5,1920,596,596,0,1,6,1,78000,1
331,10624,4,1964,1728,0,0,2,10,1,119000,1
332,8176,6,1958,1056,0,1,1,6,1,139000,1
333,10655,5,2003,1629,0,1,2,7,3,284000,1
334,8198,5,2004,1358,0,1,2,6,2,207000,1
335,9042,5,1998,943,695,1,2,7,2,192000,1
336,164660,6,1965,1619,167,2,2,7,2,228950,1
337,14157,5,2005,1922,0,1,2,8,3,377426,1
338,9135,5,2002,1536,0,1,2,7,2,214000,1
339,14145,7,1984,1621,0,1,2,8,2,202500,1
340,12400,7,1958,1215,0,0,1,6,1,155000,1
341,14191,5,2002,993,915,0,2,9,2,202900,1
342,8400,4,1950,841,0,0,1,4,1,82000,1
343,8544,4,1949,1040,0,0,2,6,2,87500,1
344,8849,5,2005,1684,0,0,2,6,2,266000,1
345,2592,3,1976,536,576,0,1,4,1,85000,1
346,6435,5,1939,972,605,0,1,6,1,140200,1
347,12772,8,1960,958,0,0,1,5,1,151500,1
348,17600,5,1960,1478,0,1,2,6,2,157500,1
349,2448,5,2003,764,862,1,2,6,2,154000,1
350,20431,5,2005,1848,880,1,2,10,3,437154,1
351,7820,5,2007,1869,0,0,2,6,2,318061,1
352,5271,5,1986,1453,0,1,1,6,2,190000,1
353,9084,6,1941,616,495,0,1,5,1,95000,1
354,8520,8,1928,720,0,0,1,5,2,105900,1
355,8400,5,1940,1192,403,0,1,6,1,140000,1
356,11249,5,1995,1200,0,1,2,6,2,177500,1
357,9248,6,1992,1167,0,1,2,6,2,173000,1
358,4224,5,1976,1142,0,1,1,6,2,134000,1
359,6930,4,1958,1352,0,0,1,6,1,130000,1
360,12011,5,1998,1086,838,1,2,7,2,280000,1
361,7540,6,1978,912,0,1,1,5,2,156000,1
362,9144,5,1940,988,517,1,1,8,1,145000,1
363,7301,5,2003,495,1427,0,3,7,2,198500,1
364,1680,8,1972,483,504,0,1,5,1,118000,1
365,18800,5,1976,790,784,1,2,6,2,190000,1
366,10690,7,1920,672,672,0,1,6,1,147000,1
367,9500,5,1963,1394,0,1,1,6,2,159000,1
368,9150,5,1962,1431,0,0,1,6,1,165000,1
369,7800,6,1954,1268,0,0,1,7,1,132000,1
370,9830,7,1959,1287,0,1,1,7,2,162000,1
371,8121,5,2000,953,711,0,2,7,2,172400,1
372,17120,4,1959,1120,468,0,2,7,2,134432,1
373,7175,5,1984,752,0,1,1,4,1,125000,1
374,10634,6,1953,1319,0,1,1,5,1,123000,1
375,8200,5,2003,847,1081,0,2,8,2,219500,1
376,10020,1,1922,904,0,1,0,4,0,61000,1
377,8846,5,1996,914,0,0,1,5,2,148000,1
378,11143,5,2004,1580,886,0,3,8,2,340000,1
379,11394,2,2010,1856,0,1,1,8,3,394432,1
380,8123,5,2000,1007,793,0,2,7,2,179000,1
381,5000,6,1924,1026,665,0,2,6,1,127000,1
382,7200,5,2006,1301,0,1,2,5,2,187750,1
383,9245,5,2006,939,858,0,2,8,2,213500,1
384,9000,3,1928,784,0,0,1,5,2,76000,1
385,53107,5,1992,1079,874,1,2,9,2,240000,1
386,3182,5,2004,1269,0,0,2,6,2,192000,1
387,8410,3,1910,658,526,0,1,8,0,81000,1
388,7200,6,1976,1125,0,1,1,6,1,125000,1
389,9382,5,1999,1479,0,0,2,6,2,191000,1
390,12474,5,2007,1742,590,1,2,9,3,426000,1
391,8405,8,1900,961,406,1,1,7,1,119000,1
392,12209,5,2001,804,1157,1,2,7,2,215000,1
393,8339,7,1959,882,0,0,1,5,1,106500,1
394,7446,5,1941,788,0,0,1,4,0,100000,1
395,10134,6,1940,735,299,0,1,5,1,109000,1
396,9571,6,1956,1144,0,1,1,6,1,129000,1
397,7200,5,1972,894,0,0,1,6,2,123000,1
398,7590,5,1962,876,936,0,2,8,1,169500,1
399,8967,2,1920,1077,0,0,1,6,1,67000,1
400,8125,5,2006,1112,438,1,2,7,2,241000,1
401,14963,5,1996,1288,0,1,1,4,2,245500,1
402,8767,5,2005,1310,0,0,2,6,2,164990,1
403,10200,8,1940,672,0,0,1,4,1,108000,1
404,12090,5,1998,1165,1098,0,2,10,2,258000,1
405,10364,5,1995,806,766,0,2,7,2,168000,1
406,9991,4,1976,1620,0,1,2,8,2,150000,1
407,10480,5,1936,1166,0,0,1,6,1,115000,1
408,15576,7,1915,840,840,0,2,8,1,177000,1
409,14154,5,2006,1071,1101,0,2,9,3,280000,1
410,10800,5,2007,1050,1028,1,2,8,3,339750,1
411,9571,3,1958,1276,0,0,1,5,1,60000,1
412,34650,5,1955,1056,0,1,1,5,2,145000,1
413,4403,5,2009,1478,0,1,2,7,2,222000,1
414,8960,6,1927,1028,0,0,1,5,2,115000,1
415,11228,5,1993,1080,1017,0,2,9,3,228000,1
416,8899,5,2007,1340,0,0,2,6,2,181134,1
417,7844,7,1978,672,728,0,1,6,2,149500,1
418,22420,6,1918,1370,1254,1,2,10,3,239000,1
419,8160,6,1940,756,378,1,1,7,1,126000,1
420,8450,6,1968,1056,0,1,1,6,1,142000,1
421,7060,5,1997,1344,0,2,2,8,4,206300,1
422,16635,7,1977,1602,0,0,2,8,2,215000,1
423,21750,5,1954,988,0,0,1,4,2,113000,1
424,9200,5,1998,1470,1160,1,2,8,3,315000,1
425,9000,5,1956,1196,0,1,1,6,1,139000,1
426,3378,8,1946,707,682,0,1,6,1,135000,1
427,12800,5,1989,1644,0,1,2,5,2,275000,1
428,8593,6,1957,907,0,0,1,5,1,109008,1
429,6762,5,2007,1208,0,1,2,6,2,195400,1
430,11457,5,1988,1412,0,1,2,6,2,175000,1
431,1680,5,1971,483,504,0,1,4,1,85400,1
432,5586,7,1920,1088,110,0,1,7,0,79900,1
433,1920,5,1971,765,600,1,1,6,2,122500,1
434,10839,5,1997,926,678,0,2,7,2,181000,1
435,1890,7,1972,630,0,1,1,3,0,81000,1
436,10667,6,1996,827,834,1,2,6,2,212000,1
437,4400,8,1920,734,384,0,1,6,2,116000,1
438,6000,7,1926,904,0,0,1,4,1,119000,1
439,4280,6,1913,694,0,0,1,4,1,90350,1
440,12354,8,1920,684,512,0,1,7,2,110000,1
441,15431,5,2008,2402,0,1,2,10,3,555000,1
442,12108,4,1955,1440,0,0,2,8,0,118000,1
443,6240,7,1930,1128,445,0,2,8,2,162900,1
444,3922,5,2006,1258,0,0,2,6,3,172500,1
445,8750,5,1994,933,975,1,2,8,2,210000,1
446,9855,5,1956,1689,0,0,1,7,2,127500,1
447,16492,6,1966,1888,0,0,2,6,2,190000,1
448,11214,5,1998,956,930,0,2,10,2,199900,1
449,8600,6,1937,780,596,0,2,7,1,119500,1
450,6000,7,1948,679,504,0,1,6,1,120000,1
451,5684,8,1930,813,0,0,1,5,1,110000,1
452,70761,5,1975,1533,0,1,2,5,2,280000,1
453,9303,5,1996,888,868,1,2,7,2,204000,1
454,9000,5,2008,786,804,0,2,6,2,210000,1
455,9297,5,1976,1728,0,2,2,8,2,188000,1
456,9600,6,1973,1242,0,0,1,6,2,175500,1
457,4571,5,1916,624,720,0,1,7,3,98000,1
458,53227,6,1954,1663,0,1,1,6,2,256000,1
459,5100,7,1925,833,833,0,1,7,1,161000,1
460,7015,4,1950,979,224,1,1,5,1,110000,1
461,8004,5,2009,832,1103,1,2,8,2,263435,1
462,7200,9,1936,575,560,1,1,6,2,155000,1
463,8281,5,1965,864,0,0,1,5,1,62383,1
464,11988,7,1934,849,811,0,1,6,1,188700,1
465,8430,5,1978,1040,0,0,2,5,0,124000,1
466,3072,5,2004,1414,0,0,2,6,2,178740,1
467,10628,5,1970,1277,0,1,1,5,2,167000,1
468,9480,7,1942,888,756,0,1,7,1,146500,1
469,11428,5,2006,1634,0,0,2,7,3,250000,1
470,9291,5,1993,832,878,0,2,7,2,187000,1
471,6820,5,1985,1502,0,1,1,4,2,212000,1
472,11952,6,1977,1161,808,0,2,8,2,190000,1
473,3675,5,2005,1072,0,1,1,5,2,148000,1
474,14977,5,2006,1976,0,1,2,7,3,440000,1
475,5330,5,2000,1652,0,1,2,6,2,251000,1
476,8480,6,1963,970,0,1,1,5,2,132500,1
477,13125,5,1997,1493,0,1,2,7,2,208900,1
478,13693,5,2006,2069,574,0,2,9,3,380000,1
479,10637,5,2007,1718,0,1,2,7,3,297000,1
480,5925,7,1937,1131,0,0,1,7,2,89471,1
481,16033,5,2004,1850,0,1,2,8,3,326000,1
482,11846,5,2003,1792,0,1,2,6,3,374000,1
483,2500,8,1915,916,910,1,1,7,1,155000,1
484,4500,5,1998,1216,0,1,2,5,2,164000,1
485,7758,7,1962,999,0,1,1,6,1,132500,1
486,9600,7,1950,1113,0,0,1,5,1,147000,1
487,10289,7,1965,1073,0,1,1,6,2,156000,1
488,12243,6,1971,1484,0,0,2,7,2,175000,1
489,10800,4,1900,1766,648,0,2,10,2,160000,1
490,1526,8,1970,630,0,1,1,3,1,86000,1
491,2665,6,1976,616,688,0,1,4,1,115000,1
492,9490,7,1941,958,620,1,1,5,1,133000,1
493,15578,5,2006,728,728,0,2,8,2,172785,1
494,7931,6,1960,1269,0,0,1,6,1,155000,1
495,5784,8,1938,886,0,0,1,4,1,91300,1
496,7879,5,1920,720,0,0,1,4,0,34900,1
497,12692,5,1992,3228,0,1,3,10,2,430000,1
498,9120,6,1925,1133,687,1,2,8,1,184000,1
499,7800,7,1967,899,0,0,1,5,1,130000,1
500,7535,7,1958,912,0,0,1,5,1,120000,1
501,1890,5,1973,672,546,0,1,7,1,113000,1
502,9803,5,2005,866,902,0,2,7,2,226700,1
503,9170,7,1965,1214,0,1,1,6,2,140000,1
504,15602,8,1959,1801,0,1,2,6,2,289000,1
505,2308,5,1974,855,467,0,2,6,2,147000,1
506,7596,5,1952,960,1000,0,2,10,2,124500,1
507,9554,5,1993,1065,846,0,2,8,2,215000,1
508,7862,5,2009,1218,0,0,2,4,2,208300,1
509,9600,9,1928,689,689,0,2,7,2,161000,1
510,9600,6,1959,1041,0,1,1,6,1,124500,1
511,14559,7,1951,1363,0,1,1,6,1,164900,1
512,6792,5,2005,1368,0,0,2,6,2,202665,1
513,9100,5,1958,864,0,1,1,5,2,129900,1
514,9187,5,1983,1080,0,0,1,5,2,134000,1
515,10594,5,1926,789,0,0,1,5,1,96500,1
516,12220,5,2009,2020,0,1,2,9,3,402861,1
517,10448,6,1972,1378,741,0,2,7,2,158000,1
518,10208,5,1996,1277,1067,0,2,7,3,265000,1
519,9531,5,1998,882,914,1,2,7,2,211000,1
520,10918,9,1926,1276,804,0,1,9,1,234000,1
521,10800,7,1900,694,600,0,2,7,0,106250,1
522,11988,6,1957,1244,0,0,1,6,1,150000,1
523,5000,7,1947,1004,660,0,2,7,2,159000,1
524,40094,5,2007,3138,1538,1,3,11,3,184750,1
525,11787,5,1996,1383,1015,1,2,8,3,315750,1
526,7500,5,2005,1266,0,0,2,6,2,176000,1
527,13300,7,1956,928,0,0,1,4,1,132000,1
528,14948,5,2008,1476,1237,1,2,11,3,446261,1
529,9098,7,1920,605,0,1,1,5,0,86000,1
530,32668,3,1957,2515,0,1,3,9,2,200624,1
531,10200,5,1988,1509,0,1,2,5,2,175000,1
532,6155,8,1920,751,611,0,2,6,2,128000,1
533,7200,7,1955,827,0,0,1,5,1,107500,1
534,5000,3,1946,334,0,0,1,2,0,39300,1
535,9056,5,2004,707,707,0,2,6,2,178000,1
536,7000,7,1910,820,527,1,1,5,0,107500,1
537,8924,5,1998,880,844,0,2,8,2,188000,1
538,12735,5,1972,864,0,0,1,5,2,111250,1
539,11553,5,1968,1159,0,0,1,7,1,158000,1
540,11423,5,2001,1601,0,1,2,6,2,272000,1
541,14601,5,2006,1838,0,1,2,8,3,315000,1
542,11000,5,2000,997,1288,0,2,8,3,248000,1
543,10140,5,1998,1680,0,1,2,7,2,213250,1
544,4058,5,1998,767,0,1,1,4,1,133000,1
545,17104,5,2006,664,832,1,2,7,2,179665,1
546,13837,5,1988,1377,806,0,2,9,3,229000,1
547,8737,7,1923,915,720,0,1,6,2,210000,1
548,7244,7,1970,768,0,1,1,5,2,129500,1
549,8235,7,1955,825,0,1,1,4,2,125000,1
550,9375,5,2003,912,1182,0,2,8,2,263000,1
551,4043,6,1977,1069,0,0,2,4,2,140000,1
552,6000,6,1957,928,0,0,1,5,1,112500,1
553,11146,5,2006,1717,0,0,2,7,3,255500,1
554,8777,5,1949,1126,0,0,2,5,2,108000,1
555,10625,5,2003,1006,1040,1,2,8,3,284000,1
556,6380,6,1922,1048,0,0,1,5,1,113000,1
557,14850,5,1957,1092,0,1,1,6,1,141000,1
558,11040,6,1920,897,439,0,1,7,1,108000,1
559,21872,5,1996,729,717,0,2,6,2,175000,1
560,3196,5,2003,1557,0,0,2,7,2,234000,1
561,11341,6,1957,1392,0,1,1,5,2,121500,1
562,10010,5,1974,1389,0,1,1,6,2,170000,1
563,13907,6,1940,996,0,1,1,6,0,108000,1
564,21780,7,1918,1163,511,0,2,8,2,185000,1
565,13346,5,1992,1166,1129,1,2,9,2,268000,1
566,6858,4,1915,841,806,1,1,6,1,128000,1
567,11198,5,2005,1134,1370,0,2,11,3,325000,1
568,10171,5,2004,1535,0,0,2,7,2,214000,1
569,12327,8,1983,1496,636,1,1,5,2,316600,1
570,7032,5,1979,943,0,1,1,4,2,135960,1
571,13101,5,1965,1728,0,0,2,10,2,142600,1
572,7332,6,1959,864,0,1,1,4,1,120000,1
573,13159,5,2009,846,846,0,2,6,2,224500,1
574,9967,5,2000,774,656,0,2,8,2,170000,1
575,10500,7,1971,576,533,0,1,5,1,139000,1
576,8480,5,1947,832,384,0,1,6,1,118500,1
577,6292,7,1928,877,600,0,2,6,1,145000,1
578,11777,6,1966,1320,0,1,1,6,2,164500,1
579,3604,5,2007,703,689,0,2,5,2,146000,1
580,12150,5,1954,1050,745,0,2,7,1,131500,1
581,14585,6,1960,1429,0,0,1,7,2,181900,1
582,12704,5,2008,2042,0,0,2,8,3,253293,1
583,11841,5,1990,816,0,1,1,5,0,118500,1
584,13500,9,1893,1521,1254,0,3,9,2,325000,1
585,6120,7,1935,989,584,0,1,6,1,133000,1
586,11443,5,2005,2028,0,1,2,7,3,369900,1
587,10267,7,1918,838,0,1,1,5,1,130000,1
588,8740,6,1982,860,0,1,1,4,2,137000,1
589,25095,8,1968,1473,0,2,1,5,1,143000,1
590,9100,6,1930,779,0,0,1,4,1,79500,1
591,8320,5,2004,770,812,0,2,6,2,185900,1
592,13478,5,2008,1728,568,1,2,10,3,451950,1
593,6600,8,1982,816,0,1,1,4,2,138000,1
594,4435,5,2003,848,0,1,1,4,2,140000,1
595,7990,6,1975,924,0,0,1,5,1,110000,1
596,11302,5,2005,1826,0,1,2,7,3,319000,1
597,3600,7,1910,684,684,0,1,7,1,114504,1
598,3922,5,2006,1402,0,0,0,7,3,194201,1
599,12984,6,1977,1647,0,1,2,7,2,217500,1
600,1950,6,1980,716,840,1,2,6,2,151000,1
601,10927,5,2005,1058,846,1,2,8,2,275000,1
602,9000,6,1937,780,595,0,1,6,1,141000,1
603,10041,5,1992,927,988,1,2,8,2,220000,1
604,3182,5,2004,600,600,0,2,4,2,151000,1
605,12803,5,2002,1494,0,1,2,6,2,221000,1
606,13600,6,1965,1186,800,0,2,7,2,205000,1
607,12464,5,1996,1040,0,1,1,6,2,152000,1
608,7800,8,1948,1112,896,1,3,8,1,225000,1
609,12168,6,1934,1940,1254,0,2,10,2,359100,1
610,7943,5,1961,1029,0,1,1,5,1,118500,1
611,11050,5,2000,1476,677,1,2,8,3,313000,1
612,10395,6,1978,1032,0,0,2,6,2,148000,1
613,11885,5,2001,1299,573,1,2,7,2,261500,1
614,8402,5,2007,1120,0,0,1,6,0,147000,1
615,1491,6,1972,630,0,1,1,3,0,75500,1
616,8800,7,1963,1054,0,1,1,6,2,137500,1
617,7861,5,2002,807,702,1,2,7,2,183200,1
618,7227,6,1954,832,0,0,1,4,2,105500,1
619,11694,5,2007,1828,0,0,2,9,3,314813,1
620,12244,5,2003,1482,780,1,2,10,3,305000,1
621,8248,3,1914,864,0,1,1,5,0,67000,1
622,10800,7,1974,1548,1066,0,2,9,2,240000,1
623,7064,6,1977,980,0,0,1,6,2,135000,1
624,2117,5,2000,756,756,0,2,4,2,168500,1
625,10400,5,1972,1012,778,1,1,8,2,165150,1
626,10000,6,1962,1116,0,0,1,5,2,160000,1
627,12342,5,1960,1422,0,0,1,6,1,139900,1
628,9600,6,1955,1520,0,1,1,7,1,153000,1
629,11606,5,1969,1040,1040,0,1,9,2,135000,1
630,9020,5,1964,1350,0,1,1,6,2,168500,1
631,9000,6,1880,1089,661,0,1,8,1,124000,1
632,4590,5,2006,1554,0,0,2,6,2,209500,1
633,11900,5,1977,1411,0,0,2,6,2,82500,1
634,9250,7,1954,1056,0,0,1,6,1,139400,1
635,6979,5,1980,1056,0,2,0,4,2,144000,1
636,10896,7,1914,1440,1440,0,2,14,0,200000,1
637,6120,3,1936,800,0,0,1,4,0,60000,1
638,6000,4,1954,811,576,0,2,7,1,93000,1
639,8777,7,1910,796,0,0,1,4,0,85000,1
640,3982,5,2006,1567,0,1,2,7,3,264561,1
641,12677,5,2003,1518,0,0,1,6,2,274000,1
642,7050,5,2001,1057,872,1,2,7,2,226000,1
643,13860,7,1972,2000,704,1,2,9,2,345000,1
644,10793,5,1969,780,840,0,2,7,2,152000,1
645,9187,5,2009,1766,0,1,2,7,3,370878,1
646,10530,5,1971,981,0,1,1,5,2,143250,1
647,7200,5,1950,1048,0,0,1,7,2,98300,1
648,10452,5,1953,1094,0,0,1,5,2,155000,1
649,7700,5,1966,1051,788,0,1,7,2,155000,1
650,1936,6,1970,630,0,1,1,3,0,84500,1
651,8125,6,2007,822,843,0,2,7,2,205950,1
652,9084,5,1940,755,755,1,1,7,1,108000,1
653,8750,5,1996,909,807,0,2,7,2,191000,1
654,10320,7,1906,756,713,0,1,7,1,135000,1
655,10437,6,1995,2113,0,1,2,7,3,350000,1
656,1680,5,1971,525,567,0,1,6,1,88000,1
657,10007,7,1959,1053,0,1,1,5,1,145500,1
658,7200,6,1931,851,651,0,1,6,1,149000,1
659,17503,5,1948,912,546,0,1,6,1,97500,1
660,9937,7,1964,1486,0,1,1,7,2,167000,1
661,12384,7,1976,1142,793,0,2,7,2,197900,1
662,46589,7,1994,1686,762,1,2,8,3,402000,1
663,13560,3,1968,1392,0,1,1,5,2,110000,1
664,10012,5,1972,1181,0,1,2,6,2,137500,1
665,20896,5,2005,2097,0,1,1,8,3,423000,1
666,11194,5,2000,1454,482,0,2,7,2,230500,1
667,18450,5,1965,1465,915,0,2,7,2,129000,1
668,8125,5,1994,1679,0,1,2,7,2,193500,1
669,14175,6,1956,1437,0,1,1,6,2,168000,1
670,11600,5,1922,1180,0,0,1,5,1,137500,1
671,8633,5,2005,738,738,1,2,7,2,173500,1
672,6629,6,1925,697,672,1,2,6,1,103600,1
673,11250,6,1977,1208,0,1,1,6,2,165000,1
674,14442,7,1957,1839,0,1,2,7,2,257500,1
675,9200,6,1965,1136,0,1,1,5,1,140000,1
676,2289,6,1978,855,586,0,2,7,2,148500,1
677,9600,2,1900,1095,679,1,2,8,3,87000,1
678,9022,8,1924,792,0,0,1,5,1,109500,1
679,11844,5,2008,2046,0,0,2,7,3,372500,1
680,9945,5,1961,988,0,1,1,5,2,128500,1
681,8012,5,1980,923,0,0,2,5,1,143000,1
682,4500,5,1932,848,672,0,1,6,1,159434,1
683,2887,5,1996,1291,0,1,1,6,2,173000,1
684,11248,5,2002,1668,0,1,2,7,3,285000,1
685,16770,5,1998,1195,644,0,2,7,2,221000,1
686,5062,5,1984,1190,900,1,2,6,2,207500,1
687,10207,6,2007,874,887,0,3,7,2,227875,1
688,5105,5,2004,551,551,0,2,4,2,148800,1
689,8089,6,2007,1419,0,1,2,7,2,392000,1
690,7577,5,2005,1362,0,0,2,6,2,194700,1
691,4426,5,2004,848,0,1,1,3,2,141000,1
692,21535,6,1994,2444,1872,0,3,10,3,755000,1
693,26178,5,1989,1238,1281,1,2,9,2,335000,1
694,5400,6,1921,1073,0,0,1,4,1,108480,1
695,6120,6,1936,1067,472,0,1,5,2,141500,1
696,13811,6,1987,1137,0,1,2,5,2,176000,1
697,6000,7,1921,616,0,0,1,4,1,89000,1
698,6420,7,1952,1148,0,0,1,6,1,123500,1
699,8450,8,1965,894,0,1,1,5,1,138500,1
700,4282,5,2004,1391,0,0,2,5,2,196000,1
701,14331,5,2002,1800,0,1,2,7,3,312500,1
702,9600,5,1969,1164,0,0,1,6,2,140000,1
703,12438,5,2006,1264,1312,0,2,10,3,361919,1
704,7630,9,1900,1032,780,0,2,8,2,140000,1
705,8400,5,2004,1484,0,1,2,7,2,213000,1
706,5600,5,1930,372,720,0,2,7,0,55000,1
707,115149,5,1971,1824,0,1,2,5,2,302000,1
708,6240,5,2006,1324,0,1,2,6,2,254000,1
709,9018,5,2007,728,728,0,2,8,2,179540,1
710,7162,7,1966,904,0,0,1,6,1,109900,1
711,4130,6,1935,729,0,0,1,5,0,52000,1
712,8712,7,1900,859,319,0,1,7,1,102776,1
713,4671,5,1988,1228,0,1,2,5,2,189000,1
714,9873,5,1970,960,0,1,1,6,2,129000,1
715,13517,8,1976,725,754,0,2,6,2,130500,1
716,10140,5,1974,1350,0,0,2,7,2,165000,1
717,10800,8,1890,1576,978,0,1,8,2,159500,1
718,10000,6,1973,1178,0,0,1,5,2,157000,1
719,10542,5,1993,1325,1093,1,2,9,3,341000,1
720,9920,6,1969,971,0,0,1,5,1,128500,1
721,6563,5,1985,1742,0,1,2,5,2,275000,1
722,4426,5,2004,848,0,1,1,3,2,143000,1
723,8120,7,1970,864,0,0,1,5,2,124500,1
724,8172,6,1954,997,473,0,2,7,1,135000,1
725,13286,5,2007,1698,0,1,2,8,3,320000,1
726,6960,6,1970,864,0,0,1,5,2,120500,1
727,21695,9,1988,1680,0,1,2,5,2,222000,1
728,7314,5,2007,1232,0,1,2,6,2,194500,1
729,11475,5,1958,1776,0,1,2,9,3,110000,1
730,6240,5,1925,848,0,0,1,5,2,103000,1
731,5389,5,1995,1616,0,1,2,5,2,236500,1
732,9590,5,2003,1146,0,1,2,6,2,187500,1
733,11404,5,1998,1153,878,0,2,8,2,222500,1
734,10000,6,1961,1144,0,1,1,6,1,131400,1
735,8978,5,1968,948,0,0,1,6,1,108000,1
736,10800,7,1914,880,888,0,1,6,2,163000,1
737,8544,4,1950,1040,0,0,2,6,2,93500,1
738,10463,5,2005,901,900,0,2,8,3,239900,1
739,10800,5,1987,1200,0,3,3,5,0,179000,1
740,9313,5,2004,864,864,0,2,7,2,190000,1
741,9600,7,1910,768,664,0,2,7,2,132000,1
742,6768,8,1961,912,0,1,1,5,1,142000,1
743,8450,5,2000,1349,0,0,2,6,2,179000,1
744,12886,6,1963,1464,0,0,2,6,2,175000,1
745,5395,5,1993,1337,0,1,2,5,2,180000,1
746,8963,9,1976,1175,1540,0,3,11,2,299800,1
747,8795,5,2000,980,1276,0,2,8,2,236000,1
748,11700,7,1880,1320,1320,0,1,8,4,265979,1
749,10593,5,1996,1720,0,1,2,7,2,260400,1
750,8405,3,1945,1088,441,0,2,9,1,98000,1
751,8800,7,1910,792,348,0,1,7,0,96500,1
752,7750,5,2003,660,660,0,2,6,2,162000,1
753,9236,5,1997,1494,0,1,2,6,2,217000,1
754,10240,5,2005,1038,1060,0,2,8,3,275500,1
755,7930,8,1969,1026,0,1,1,5,2,156000,1
756,3230,5,1999,742,729,0,2,6,2,172500,1
757,10769,5,2007,866,902,0,2,7,2,212000,1
758,11616,5,1978,672,714,0,2,6,2,158900,1
759,2280,5,1999,757,744,0,2,6,2,179400,1
760,12257,5,1995,1328,1203,0,2,9,3,290000,1
761,9100,6,1959,864,0,0,1,5,1,127500,1
762,6911,5,1924,1301,0,0,1,5,2,100000,1
763,8640,5,2009,764,783,0,2,7,2,215200,1
764,9430,5,1999,1268,1097,1,2,8,3,337000,1
765,9549,5,1995,1494,0,1,1,6,2,270000,1
766,14587,5,2008,1506,0,0,2,6,2,264132,1
767,10421,5,1988,980,734,0,2,7,2,196500,1
768,12508,7,1940,983,767,1,2,7,1,160000,1
769,9100,5,2004,1836,0,0,2,8,2,216837,1
770,53504,5,2003,1690,1589,1,3,12,3,538000,1
771,7252,5,1982,858,0,1,1,5,2,134900,1
772,8877,5,1951,1220,0,0,1,6,2,102000,1
773,7819,5,1976,1117,0,1,1,6,2,107000,1
774,10150,5,1958,912,0,0,1,5,1,114500,1
775,14226,5,2006,1973,0,0,2,9,3,395000,1
776,4500,5,1998,1204,0,1,2,5,2,162000,1
777,11210,5,2005,1614,0,0,2,7,3,221500,1
778,13350,5,1974,894,0,1,1,5,2,142500,1
779,8400,5,1977,2020,0,0,2,10,2,144000,1
780,10530,5,1977,1004,0,1,1,4,2,135000,1
781,7875,5,1995,1253,0,0,2,6,2,176000,1
782,7153,5,1992,810,793,0,2,7,2,175900,1
783,16285,5,2001,1430,0,0,2,6,2,187100,1
784,9101,6,1978,1110,0,1,1,4,2,165500,1
785,6300,6,1914,742,742,0,2,9,0,128000,1
786,9790,5,1967,1342,0,0,2,7,2,161500,1
787,10800,6,1915,966,686,1,2,7,1,139000,1
788,10142,5,2004,956,1128,1,2,8,2,233000,1
789,6000,7,1954,901,0,0,1,4,1,107900,1
790,12205,8,1966,976,1111,0,2,9,2,187500,1
791,3182,5,2005,1145,0,0,2,5,2,160200,1
792,11333,5,1976,1062,0,1,1,5,2,146800,1
793,9920,5,1996,1127,886,1,2,8,2,269790,1
794,9158,5,2007,1496,0,0,2,7,2,225000,1
795,10832,5,1994,1086,809,0,2,7,2,194500,1
796,8400,6,1980,888,676,0,2,7,2,171000,1
797,8197,5,1977,1285,0,0,1,7,2,143500,1
798,7677,5,1953,773,0,0,1,4,1,110000,1
799,13518,5,2008,1966,1174,0,3,11,3,485000,1
800,7200,7,1937,981,787,1,1,7,1,175000,1
801,12798,5,1997,616,1072,1,2,8,2,200000,1
802,4800,7,1916,1196,0,1,1,5,2,109900,1
803,8199,5,2005,728,728,1,2,7,2,189000,1
804,13891,5,2008,1734,1088,0,3,12,3,582933,1
805,9000,5,1954,1128,0,0,1,5,1,118000,1
806,12274,5,2008,1428,0,0,2,6,2,227680,1
807,9750,5,1967,980,0,0,2,6,1,135500,1
808,21384,6,1923,1072,504,2,1,6,2,223500,1
809,13400,5,1966,1086,0,1,1,6,2,159950,1
810,8100,5,1898,1075,1063,0,2,11,2,106000,1
811,10140,6,1974,1309,0,1,1,5,2,181000,1
812,4438,5,2004,848,0,1,1,4,2,144500,1
813,8712,5,1952,1044,0,0,1,4,2,55993,1
814,9750,6,1958,1442,0,0,1,7,1,157900,1
815,8248,7,1918,686,564,0,1,7,1,116000,1
816,12137,5,1998,1661,0,0,2,6,2,224900,1
817,11425,6,1954,1008,0,0,1,4,1,137000,1
818,13265,5,2002,1689,0,1,2,7,3,271000,1
819,8816,7,1971,1052,0,1,1,6,2,155000,1
820,6371,5,2009,1358,0,1,2,6,2,224000,1
821,7226,5,2003,798,842,0,2,6,2,183000,1
822,6000,4,1953,936,0,0,1,4,2,93000,1
823,12394,5,2003,847,886,0,2,7,2,225000,1
824,9900,7,1940,944,545,0,2,7,1,139500,1
825,11216,5,2006,1489,0,0,2,7,2,232600,1
826,14803,5,2007,2084,0,1,2,7,3,385000,1
827,6130,6,1924,784,0,1,1,5,0,109500,1
828,8529,5,2001,1434,0,0,2,6,2,189000,1
829,28698,5,1967,1160,966,0,2,7,2,185000,1
830,2544,5,2005,520,623,0,2,4,2,147400,1
831,11900,5,1957,1392,0,1,1,6,2,166000,1
832,3180,5,2005,520,600,0,2,4,2,151000,1
833,9548,6,2003,941,888,1,2,7,2,237000,1
834,10004,6,1964,1516,0,0,1,6,2,167000,1
835,7875,6,1961,1144,0,1,1,6,2,139950,1
836,9600,7,1950,1067,0,0,2,4,2,128000,1
837,8100,6,1948,1559,0,1,1,5,2,153500,1
838,1680,5,1973,483,504,1,1,5,1,100000,1
839,9525,6,1995,1099,0,0,1,6,1,144000,1
840,11767,6,1946,768,432,0,1,6,1,130500,1
841,12155,8,1925,810,672,0,2,7,1,140000,1
842,10440,8,1904,958,581,0,2,8,2,157500,1
843,9020,7,1966,1165,0,1,1,6,2,174900,1
844,8000,4,1961,1800,0,0,2,10,0,141000,1
845,12665,8,1915,876,540,0,1,7,3,153900,1
846,16647,5,1975,1701,0,1,2,6,2,171000,1
847,9317,5,1993,1006,769,1,2,7,2,213000,1
848,15523,6,1972,864,0,1,1,5,1,133500,1
849,45600,8,1908,1307,1051,0,3,10,2,240000,1
850,9600,7,1976,1094,761,0,2,7,2,187000,1
851,4435,5,2003,848,0,1,1,3,2,131500,1
852,3196,5,2003,1456,0,0,2,7,2,215000,1
853,7128,5,1941,918,728,0,2,7,1,164000,1
854,12095,6,1964,1445,0,0,1,7,2,158000,1
855,17920,4,1955,1779,0,1,1,6,2,170000,1
856,6897,8,1962,1040,0,1,1,6,1,127000,1
857,10970,6,1978,1026,0,1,1,5,2,147000,1
858,8125,5,1994,702,779,0,2,6,2,174000,1
859,10400,5,1976,1370,0,0,2,6,2,152000,1
860,11029,7,1968,1512,1142,1,2,9,2,250000,1
861,7642,8,1918,912,514,0,1,7,1,189950,1
862,11625,4,1965,1039,0,1,1,6,2,131500,1
863,9672,5,1984,1097,0,0,2,6,2,152000,1
864,7931,5,1959,1148,0,1,1,6,1,132500,1
865,8640,5,2007,1372,0,0,2,6,2,250580,1
866,8750,6,1970,1002,0,1,1,5,2,148500,1
867,10656,5,2006,1646,0,0,2,6,3,248900,1
868,6970,5,1961,1120,0,1,1,5,2,129000,1
869,14762,6,1948,1547,720,0,2,7,2,169000,1
870,9938,5,1993,1062,887,1,2,8,2,236000,1
871,6600,5,1962,894,0,0,1,5,1,109500,1
872,8750,5,1998,804,878,0,2,7,2,200500,1
873,8892,7,1953,910,0,0,1,5,2,116000,1
874,12144,7,1949,1036,0,0,1,6,1,133000,1
875,5720,6,1941,676,455,0,1,5,1,66500,1
876,9000,5,2007,1184,1426,0,2,11,2,303477,1
877,25286,5,1963,1040,0,1,1,5,2,132250,1
878,8834,5,2004,1462,762,1,2,10,3,350000,1
879,11782,7,1961,1155,0,1,1,6,2,148000,1
880,7000,8,1978,864,0,1,1,6,1,136500,1
881,7024,5,2005,1090,0,1,1,5,2,157000,1
882,13758,5,1990,1187,530,0,2,7,2,187500,1
883,9636,5,1992,808,785,0,2,7,2,178000,1
884,6204,5,1912,954,795,1,1,10,1,118500,1
885,7150,5,1967,892,0,0,1,5,1,100000,1
886,5119,5,1999,1709,0,1,2,5,2,328900,1
887,8393,5,1959,1712,0,0,2,8,2,145000,1
888,16466,7,1955,872,521,0,1,8,1,135500,1
889,15865,6,1970,2217,0,1,2,8,2,268000,1
890,12160,4,1953,1505,0,1,1,6,2,149500,1
891,8064,7,1949,672,252,0,1,6,2,122900,1
892,11184,5,1978,918,765,0,2,7,2,172500,1
893,8414,8,1963,1068,0,0,1,6,1,154500,1
894,13284,5,1954,1383,0,1,1,6,1,165000,1
895,7018,5,1979,1535,0,0,2,8,2,118858,1
896,7056,5,1963,983,813,1,1,8,2,140000,1
897,8765,6,1936,951,0,0,1,6,1,106500,1
898,7018,5,1979,1120,1120,0,2,12,2,142953,1
899,12919,5,2009,2364,0,1,2,11,3,611657,1
900,6993,7,1961,1236,0,0,1,6,1,135000,1
901,7340,6,1971,858,0,0,1,4,1,110000,1
902,8712,7,1957,1306,0,1,1,5,1,153000,1
903,7875,5,2003,807,702,0,2,8,2,180000,1
904,14859,5,2006,1670,0,0,2,7,3,240000,1
905,6173,6,1967,902,0,0,1,6,1,125500,1
906,9920,5,1954,1063,0,1,1,6,1,128000,1
907,13501,5,2006,1636,0,1,2,8,3,255000,1
908,11500,7,1936,1020,1037,0,1,6,1,250000,1
909,8885,5,1983,902,0,1,1,5,2,131000,1
910,12589,5,2005,742,742,0,2,8,2,174000,1
911,11600,5,1960,1105,1169,0,2,12,2,154300,1
912,9286,7,1977,1268,0,0,1,5,1,143500,1
913,6120,7,1925,1015,0,0,1,6,1,88000,1
914,6270,6,1949,1001,1001,0,2,8,3,145000,1
915,3000,5,2009,612,612,0,2,4,2,173733,1
916,2001,5,1970,546,546,0,1,6,1,75000,1
917,9000,3,1949,480,0,1,0,4,1,35311,1
918,17140,6,1956,1229,0,0,1,6,1,135000,1
919,13125,5,1991,912,1215,1,2,8,3,238000,1
920,11029,8,1958,1414,0,1,1,6,2,176500,1
921,8462,5,1994,936,785,0,2,7,2,201000,1
922,8777,7,1900,1272,928,2,2,9,0,145900,1
923,10237,5,2005,1316,0,0,2,6,2,169990,1
924,8012,5,1993,1617,0,1,2,5,2,193000,1
925,10240,6,1980,1686,0,1,2,7,2,207500,1
926,15611,6,1977,1126,0,0,2,6,2,175000,1
927,11999,5,2003,1234,1140,0,2,10,3,285000,1
928,9900,5,1968,1098,880,0,2,9,2,176000,1
929,11838,5,2001,1788,0,0,2,7,2,236500,1
930,13006,5,1997,993,1243,0,2,8,2,222000,1
931,8925,5,2007,1466,0,0,2,7,3,201000,1
932,9100,6,1965,925,0,0,1,5,1,117500,1
933,11670,5,2006,1905,0,0,2,8,3,320000,1
934,8487,5,2004,1500,0,0,2,6,2,190000,1
935,27650,7,1960,2069,0,1,2,9,2,242000,1
936,5825,5,1926,747,0,0,1,5,2,79900,1
937,10083,5,2003,1200,0,1,2,5,2,184900,1
938,9675,5,2005,1113,858,0,2,8,2,253000,1
939,8760,5,2006,1391,571,0,2,7,3,239799,1
940,24090,7,1940,1207,1196,0,2,10,1,244400,1
941,12640,5,1976,1728,0,0,2,8,2,150900,1
942,8755,5,1999,1022,1038,1,2,8,2,214000,1
943,7711,3,1977,1440,0,2,2,8,0,150000,1
944,25000,4,1967,1632,0,0,2,8,2,143000,1
945,14375,6,1958,1344,0,0,1,7,2,137500,1
946,8820,6,1890,1188,561,0,1,7,2,124900,1
947,8163,6,1959,1144,0,1,1,6,1,143000,1
948,14536,5,2002,1629,0,1,2,9,3,270000,1
949,14006,5,2002,936,840,0,2,7,2,192500,1
950,9360,7,1972,1381,0,1,1,5,2,197500,1
951,7200,8,1950,864,0,1,1,5,2,129000,1
952,7800,5,1965,965,0,1,1,6,1,119900,1
953,7200,8,1972,768,0,0,1,5,1,133900,1
954,11075,4,1969,1168,800,0,2,7,2,172000,1
955,9400,5,1975,980,0,0,2,4,0,127500,1
956,7136,6,1946,979,979,0,2,8,2,145000,1
957,1300,6,1980,561,668,0,1,5,2,124000,1
958,7420,5,1962,1057,0,0,1,6,2,132000,1
959,8450,5,2003,1337,0,1,2,6,2,185000,1
960,2572,5,1999,696,720,1,2,6,2,155000,1
961,7207,7,1958,858,0,1,1,4,0,116500,1
962,12227,7,1977,1542,1330,1,2,11,2,272000,1
963,2308,6,1976,804,744,1,2,7,2,155000,1
964,11923,5,2007,1800,0,0,2,7,2,239000,1
965,11316,5,2002,824,1070,1,2,8,2,214900,1
966,10237,5,2005,783,701,0,2,8,2,178900,1
967,9600,7,1940,976,332,1,1,7,1,160000,1
968,7390,7,1955,1098,0,1,1,6,1,135000,1
969,5925,6,1910,600,368,0,1,6,0,37900,1
970,10382,5,1958,1095,0,1,1,6,1,140000,1
971,10800,4,1949,720,472,0,1,6,0,135000,1
972,2268,5,2003,764,862,0,2,6,2,173000,1
973,7892,5,1979,918,0,0,2,5,1,99500,1
974,11639,5,2007,1428,0,0,2,6,2,182000,1
975,11414,8,1910,1136,883,0,1,8,2,167500,1
976,2651,5,2000,673,709,1,2,6,2,165000,1
977,5900,7,1923,869,0,0,1,4,0,85500,1
978,4274,5,2006,1241,0,1,1,4,2,199900,1
979,9450,5,1954,894,0,0,1,5,2,110000,1
980,8816,6,1963,1121,0,1,1,5,2,139000,1
981,12122,9,1961,999,0,1,1,6,2,178400,1
982,12203,5,1998,1276,1336,1,2,8,3,336000,1
983,3182,5,2007,1266,0,0,2,6,2,159895,1
984,11250,5,2002,1149,1141,0,2,9,2,255900,1
985,10125,5,1977,1302,432,0,2,8,2,126000,1
986,10880,5,1950,1164,0,1,1,5,1,125000,1
987,5310,8,1910,1001,634,0,1,5,1,117000,1
988,10159,5,2009,1940,0,1,2,8,3,395192,1
989,12046,6,1976,1118,912,0,2,8,2,195000,1
990,8125,5,2006,778,798,0,2,6,2,197000,1
991,9452,5,1997,1407,985,1,2,7,3,348000,1
992,17671,9,1882,916,826,0,1,8,2,168000,1
993,9760,8,1964,1020,831,0,2,7,2,187000,1
994,8846,5,2005,750,750,0,2,6,2,173900,1
995,12456,5,2006,1718,0,1,2,7,3,337500,1
996,4712,7,1946,774,456,1,1,5,1,121600,1
997,10659,6,1961,1050,0,1,1,6,1,136500,1
998,11717,6,1970,1442,0,0,2,6,2,185000,1
999,9786,4,1922,1077,0,0,1,6,1,91000,1
1000,6762,5,2006,1208,0,1,2,6,2,206000,1
1001,10206,3,1952,944,0,0,1,4,2,82000,1
1002,5400,6,1920,691,0,0,1,4,1,86000,1
1003,11957,5,2006,1574,0,0,2,7,3,232000,1
1004,11500,6,1976,1680,0,0,2,8,2,136905,1
1005,3182,5,2005,1504,0,0,2,7,2,181000,1
1006,8385,8,1977,985,0,0,2,6,1,149900,1
1007,12155,3,1970,1657,0,0,2,7,2,163500,1
1008,2217,4,1970,546,546,0,1,6,1,88000,1
1009,12118,5,2004,1710,0,0,2,7,2,240000,1
1010,6000,5,1926,1008,0,0,2,7,0,102000,1
1011,21286,5,1948,720,551,0,2,7,1,135000,1
1012,9825,5,1965,1664,0,0,2,8,0,100000,1
1013,10592,7,1923,900,602,0,1,7,1,165000,1
1014,7200,4,1910,1022,0,1,1,4,1,85000,1
1015,11664,5,1948,1082,0,0,1,5,1,119200,1
1016,8400,6,2001,810,855,1,2,6,2,227000,1
1017,11883,5,1996,1504,0,1,2,6,2,203000,1
1018,5814,5,1984,1360,0,1,1,4,2,187500,1
1019,10784,5,1991,802,670,0,2,7,2,160000,1
1020,3013,5,2005,1506,0,0,2,6,2,213490,1
1021,7024,5,2005,1132,0,1,1,5,2,176000,1
1022,7406,5,2006,1220,0,1,2,6,2,194000,1
1023,9439,5,1930,912,336,0,1,6,1,87000,1
1024,3182,5,2005,1504,0,0,2,7,2,191000,1
1025,15498,6,1976,2898,0,1,2,10,2,287000,1
1026,7700,5,1972,882,0,1,1,5,2,112500,1
1027,9300,5,1960,1264,0,1,1,6,2,167500,1
1028,9520,5,2007,1646,0,1,2,7,3,293077,1
1029,9492,5,1941,968,408,1,1,6,1,105000,1
1030,1680,7,1972,672,546,0,1,7,1,118000,1
1031,7082,8,1916,948,980,0,2,10,0,160000,1
1032,15863,3,1920,1687,998,1,2,12,2,197000,1
1033,14541,7,1993,1352,1168,1,2,10,3,310000,1
1034,8125,5,2002,1654,0,1,2,6,3,230000,1
1035,6305,7,1938,954,0,0,1,5,1,119750,1
1036,11500,3,1957,845,0,0,1,5,1,84000,1
1037,12898,5,2007,1620,0,1,2,6,3,315500,1
1038,9240,5,2001,1055,1208,0,2,7,2,287000,1
1039,1533,6,1970,798,546,0,1,6,0,97000,1
1040,1477,4,1970,630,0,1,1,3,1,80000,1
1041,13125,4,1957,1803,0,1,2,8,2,155000,1
1042,9130,8,1966,800,832,0,1,7,2,173000,1
1043,5381,5,2005,1306,0,1,2,5,2,196000,1
1044,11839,5,1990,1532,797,1,2,10,2,262280,1
1045,9600,5,1981,2524,0,1,2,9,2,278000,1
1046,13680,5,1955,1733,0,0,2,8,2,139600,1
1047,16056,5,2005,1992,876,0,3,11,3,556581,1
1048,9245,5,1994,990,0,0,1,5,2,145000,1
1049,21750,4,1960,1771,0,0,1,9,2,115000,1
1050,11100,7,1946,930,0,0,1,6,1,84900,1
1051,8993,5,2007,1302,0,0,2,6,2,176485,1
1052,11175,5,2007,1316,0,0,2,6,2,200141,1
1053,9500,6,1964,1127,850,0,1,9,2,165000,1
1054,8562,6,1957,1526,0,0,1,7,1,144500,1
1055,11367,5,2002,1091,898,1,2,7,2,255000,1
1056,11361,5,1976,1523,0,0,2,7,2,180000,1
1057,7052,5,2005,1364,0,1,2,6,2,185850,1
1058,29959,6,1994,979,871,0,2,7,2,248000,1
1059,11308,5,2008,1130,1054,1,2,10,3,335000,1
1060,11275,7,1932,1096,895,0,1,7,2,220000,1
1061,4920,5,2001,1338,0,1,2,6,2,213500,1
1062,18000,4,1935,894,0,0,1,6,3,81000,1
1063,13600,5,1900,1422,915,0,2,10,2,90000,1
1064,6000,6,1925,1103,0,0,1,5,2,110500,1
1065,11000,6,1966,1154,0,0,1,6,2,154000,1
1066,14000,5,1996,1306,954,1,2,7,2,328000,1
1067,7837,7,1993,799,772,0,2,7,2,178000,1
1068,9760,6,1964,798,813,1,1,7,2,167900,1
1069,3964,4,1973,1291,1230,1,2,10,2,151400,1
1070,9600,7,1949,893,0,0,1,4,2,135000,1
1071,10152,5,1956,1048,0,1,1,6,1,135000,1
1072,11700,6,1968,829,727,0,1,8,2,154000,1
1073,7585,3,1948,1002,454,1,1,7,1,91500,1
1074,7950,6,1977,698,728,0,1,6,2,159500,1
1075,8556,5,2006,1240,0,0,2,5,3,194000,1
1076,13125,6,1940,960,780,0,1,6,1,219500,1
1077,10800,8,1936,1096,370,0,2,7,2,170000,1
1078,15870,5,1969,1096,0,1,1,6,1,138800,1
1079,4435,5,2004,848,0,1,1,3,2,155900,1
1080,8775,5,1994,990,0,0,1,5,1,126000,1
1081,11040,7,1971,1258,0,0,2,5,2,145000,1
1082,7500,5,1963,1040,0,1,1,5,1,133000,1
1083,8749,5,2002,1459,0,0,2,6,2,192000,1
1084,8800,6,1964,1251,0,1,1,6,1,160000,1
1085,13031,5,1995,691,807,0,2,6,2,187500,1
1086,9069,6,1992,996,0,1,1,5,2,147000,1
1087,1974,5,1973,546,546,0,1,6,1,83500,1
1088,10574,5,2005,1082,871,0,2,9,3,252000,1
1089,2522,5,2004,970,739,0,2,7,2,137500,1
1090,3316,5,2005,1247,0,1,1,4,2,197000,1
1091,8544,4,1950,1040,0,0,2,6,2,92900,1
1092,2160,5,1999,624,628,1,2,4,2,160000,1
1093,8400,5,1925,1390,304,0,2,7,2,136500,1
1094,9230,8,1965,1200,0,1,1,6,2,146000,1
1095,5868,7,1956,936,0,1,1,4,1,129000,1
1096,9317,5,2006,1314,0,0,2,6,2,176432,1
1097,6882,7,1914,773,582,0,1,7,0,127000,1
1098,3696,5,1986,1088,0,0,1,5,2,170000,1
1099,6000,6,1936,757,567,0,1,6,1,128000,1
1100,11880,5,1978,1601,0,0,2,7,2,157000,1
1101,8400,5,1920,438,0,0,1,3,1,60000,1
1102,9758,5,1971,950,0,0,1,5,1,119500,1
1103,7000,7,1960,1134,0,0,1,6,1,135000,1
1104,8910,6,1959,1194,0,0,1,6,2,159500,1
1105,2016,5,1970,630,672,0,2,6,2,106000,1
1106,12256,5,1994,1500,1122,1,2,9,2,325000,1
1107,10357,5,1990,1442,0,1,2,6,2,179900,1
1108,23257,5,2006,887,1134,0,2,9,2,274725,1
1109,8063,5,2000,948,742,0,2,7,2,181000,1
1110,11362,5,2004,1836,0,1,2,7,3,280000,1
1111,8000,5,1995,773,885,1,2,8,2,188000,1
1112,10480,6,1976,1098,866,0,2,8,2,205000,1
1113,7100,7,1957,816,0,1,1,5,1,129900,1
1114,8923,7,1953,1008,0,1,1,6,1,134500,1
1115,5400,7,1954,833,0,0,1,4,1,117000,1
1116,12085,5,2007,1734,0,1,2,7,3,318000,1
1117,7750,5,2002,779,640,1,2,7,2,184100,1
1118,9764,7,1967,894,0,1,1,5,2,130000,1
1119,13825,6,1958,1021,580,0,1,6,1,140000,1
1120,7560,5,1959,1040,0,0,1,6,1,133700,1
1121,8263,5,1920,1012,0,0,1,6,1,118400,1
1122,10084,5,2005,1552,0,0,2,7,3,212900,1
1123,8926,3,1956,960,0,0,1,5,1,112000,1
1124,9405,9,1947,698,0,0,1,4,0,118000,1
1125,9125,5,1992,812,670,0,2,7,2,163900,1
1126,10434,5,1955,1005,0,0,1,5,2,115000,1
1127,3684,5,2007,1555,0,0,2,7,3,174000,1
1128,14572,5,2004,1530,0,1,2,7,3,259000,1
1129,11796,5,2004,847,1112,0,2,8,2,215000,1
1130,7200,5,1980,936,0,1,1,4,2,140000,1
1131,7804,3,1928,1328,653,1,2,7,2,135000,1
1132,10712,5,1991,974,0,0,1,5,0,93500,1
1133,9900,4,1880,1178,1032,0,2,8,1,117500,1
1134,9828,5,1995,1142,878,0,2,8,2,239500,1
1135,8773,5,1997,916,684,0,2,7,2,169000,1
1136,6180,5,1926,986,0,0,1,5,1,102000,1
1137,9600,5,1950,1032,220,0,1,6,1,119000,1
1138,6342,8,1875,780,240,0,1,6,0,94000,1
1139,9819,5,1977,1567,0,1,2,5,2,196000,1
1140,8731,5,1920,1167,0,0,1,6,2,144000,1
1141,7350,7,1951,952,0,1,1,4,2,139000,1
1142,10304,7,1976,1088,780,1,2,9,2,197500,1
1143,9965,5,2006,1466,1362,1,3,11,3,424870,1
1144,9000,3,1959,1006,0,0,1,5,0,80000,1
1145,12180,4,1941,672,252,1,1,5,1,80000,1
1146,6240,6,1928,1042,534,0,1,8,1,149000,1
1147,11200,5,1985,1298,0,1,2,5,2,180000,1
1148,12000,7,1941,860,704,0,1,7,1,174500,1
1149,5700,7,1926,572,539,0,1,5,1,116900,1
1150,9000,9,1920,832,650,0,1,7,2,143000,1
1151,8280,5,1950,932,0,0,1,4,1,124000,1
1152,17755,4,1959,1466,0,0,1,6,2,149900,1
1153,14115,7,1956,1811,0,0,1,6,2,230000,1
1154,5890,8,1930,816,0,0,1,5,1,120500,1
1155,13700,6,1965,902,918,0,1,8,2,201800,1
1156,10768,8,1976,1437,0,1,2,6,2,218000,1
1157,9350,8,1965,1265,0,0,2,6,2,179900,1
1158,5001,5,2007,1314,0,1,2,6,2,230000,1
1159,11932,5,2007,1580,0,0,2,7,3,235128,1
1160,9120,6,1974,943,933,0,2,8,2,185000,1
1161,2280,5,1978,855,601,0,2,7,2,146000,1
1162,14778,7,1954,1640,0,1,1,7,2,224000,1
1163,8724,5,1968,894,0,0,1,5,2,129000,1
1164,12900,4,1969,1258,0,2,0,6,2,108959,1
1165,16157,7,1978,1432,0,1,1,5,2,194000,1
1166,9541,5,2009,1502,0,0,2,7,2,233170,1
1167,10475,5,2008,1694,0,0,2,7,3,245350,1
1168,10852,5,2000,959,712,1,2,7,2,173000,1
1169,13728,7,1935,1236,872,0,2,7,2,235000,1
1170,35760,5,1995,1831,1796,1,3,10,3,625000,1
1171,9880,6,1977,1118,0,1,1,6,1,171000,1
1172,9120,6,1958,1261,0,1,1,6,2,163000,1
1173,4017,5,2006,625,625,0,2,5,2,171900,1
1174,18030,6,1946,1636,971,0,3,12,0,200500,1
1175,16560,8,1932,1170,1175,0,2,9,2,239000,1
1176,10678,5,1992,2129,743,0,2,9,2,285000,1
1177,6951,5,1984,923,0,1,1,5,1,119500,1
1178,3950,8,1926,818,406,0,1,5,1,115000,1
1179,7681,6,1921,820,523,0,1,7,1,154900,1
1180,8335,5,1954,1124,0,0,1,5,0,93000,1
1181,11170,5,1990,1298,1216,0,2,8,2,250000,1
1182,5587,5,2008,1652,0,1,2,5,2,392500,1
1183,15623,5,1996,2411,2065,1,3,10,3,745000,1
1184,10800,6,1920,1130,0,1,1,5,2,120000,1
1185,35133,4,1963,1572,0,1,1,5,3,186700,1
1186,9738,7,1924,949,272,1,1,7,1,104900,1
1187,10615,5,1900,1014,685,1,2,7,2,95000,1
1188,12461,5,1994,1624,0,1,2,5,3,262000,1
1189,8935,5,2002,831,829,0,2,7,2,195000,1
1190,7500,5,1999,1028,776,0,2,7,2,189000,1
1191,32463,4,1961,1622,0,1,1,7,4,168000,1
1192,2645,5,1999,764,677,0,2,5,2,174000,1
1193,9600,8,1925,842,630,0,1,6,1,125000,1
1194,4500,5,1999,1224,0,1,2,5,2,165000,1
1195,9364,7,1969,663,689,0,1,7,1,158000,1
1196,8029,5,2005,728,728,0,2,8,2,176000,1
1197,14054,5,2006,879,984,0,2,9,3,219210,1
1198,8850,6,1916,815,875,0,1,7,1,144000,1
1199,9100,5,2001,1212,0,0,2,6,2,178000,1
1200,11235,5,1963,1382,0,0,1,6,2,148000,1
1201,9353,5,1970,864,0,0,1,5,1,116050,1
1202,10400,5,1998,866,913,0,2,6,2,197900,1
1203,6000,8,1925,884,464,1,1,5,1,117000,1
1204,9750,5,2000,1630,0,0,2,6,2,213000,1
1205,10140,6,1975,1074,0,1,1,6,2,153500,1
1206,14684,7,1990,2196,0,0,2,7,3,271900,1
1207,8900,4,1966,1056,0,1,1,5,1,107000,1
1208,9135,5,2003,1700,0,1,2,7,2,200000,1
1209,7763,7,1962,1283,0,1,1,6,2,140000,1
1210,10182,5,2006,1660,0,1,2,8,2,290000,1
1211,11218,5,1992,1055,790,0,2,8,2,189000,1
1212,12134,7,1988,1080,672,0,2,8,2,164000,1
1213,9340,6,1941,672,0,1,1,4,1,113000,1
1214,10246,9,1965,960,0,1,0,3,1,145000,1
1215,10205,5,1962,999,0,1,1,6,1,134500,1
1216,7094,5,1966,894,0,0,1,5,1,125000,1
1217,8930,5,1978,1318,584,0,2,8,2,112000,1
1218,8640,5,2009,1314,0,1,2,6,2,229456,1
1219,6240,5,1947,672,240,0,1,3,0,80500,1
1220,1680,5,1971,672,546,0,1,7,0,91500,1
1221,7800,5,1964,912,0,0,1,5,1,115000,1
1222,8250,5,1968,1211,0,0,1,5,1,134000,1
1223,10496,6,1949,1168,678,0,2,7,1,143000,1
1224,10680,3,1951,2136,0,0,2,7,2,137900,1
1225,15384,5,2004,788,702,1,2,8,2,184000,1
1226,10482,8,1958,1138,0,0,1,6,1,145000,1
1227,14598,5,2007,894,1039,0,2,9,3,214000,1
1228,8872,8,1965,912,0,1,1,5,2,147000,1
1229,8769,5,2008,1702,0,1,1,7,3,367294,1
1230,7910,5,1960,1507,0,0,2,7,1,127000,1
1231,18890,5,1977,1361,1259,0,2,12,2,190000,1
1232,7728,6,1962,1190,0,1,1,6,2,132500,1
1233,9842,5,1962,1224,0,0,2,6,2,101800,1
1234,12160,5,1959,1188,0,1,1,6,2,142000,1
1235,8525,6,1911,1024,940,0,1,7,0,130000,1
1236,13132,5,1914,892,892,0,1,9,1,138887,1
1237,2628,5,2003,764,862,0,2,6,2,175500,1
1238,12393,5,2004,847,1101,0,2,8,2,195000,1
1239,13072,5,2005,1141,0,0,1,6,2,142500,1
1240,9037,5,2006,1484,0,0,2,6,2,265900,1
1241,8158,5,2003,884,884,1,2,8,2,224900,1
1242,9849,6,2007,1689,0,0,2,7,3,248328,1
1243,10625,6,1974,1173,0,1,2,6,2,170000,1
1244,13891,5,2006,2076,0,1,2,7,3,465000,1
1245,11435,7,1929,792,725,0,1,7,2,230000,1
1246,12090,7,1984,1140,728,0,3,7,2,178000,1
1247,8125,5,2005,756,797,0,2,6,2,186500,1
1248,12328,5,1976,1034,0,1,1,6,3,169900,1
1249,9600,5,1917,1134,924,0,1,8,2,129500,1
1250,7200,7,1950,988,0,0,1,6,1,119000,1
1251,11160,5,1968,2110,0,1,2,8,2,244000,1
1252,3136,5,2003,1405,0,0,2,6,2,171750,1
1253,9858,6,1968,874,0,1,1,5,1,130000,1
1254,17542,7,1974,1516,651,1,2,9,2,294000,1
1255,6931,5,2003,760,896,0,2,7,2,165400,1
1256,6240,6,1931,959,408,0,1,6,1,127500,1
1257,14303,5,1994,1987,0,1,2,7,2,301500,1
1258,4060,8,1922,864,0,0,1,4,0,99900,1
1259,9587,5,2005,1166,0,1,2,5,2,190000,1
1260,9750,8,1969,1054,0,1,1,6,2,151000,1
1261,24682,5,1999,892,783,0,2,7,2,181000,1
1262,9600,6,1956,1050,0,0,1,5,1,128900,1
1263,11250,5,1957,1104,684,1,1,8,1,161500,1
1264,13515,6,1919,1060,764,0,1,8,2,180500,1
1265,4060,5,1998,1337,0,1,2,5,2,181000,1
1266,3735,5,1999,713,739,1,2,6,2,183900,1
1267,10120,4,1910,964,925,0,1,9,1,122000,1
1268,13214,5,2008,2018,0,0,2,10,3,378500,1
1269,14100,9,1935,1968,1479,0,3,11,3,381000,1
1270,11344,5,1958,874,650,0,1,7,1,144000,1
1271,23595,6,1979,1332,192,2,0,4,2,260000,1
1272,9156,7,1968,1489,0,0,2,7,2,185750,1
1273,13526,6,1965,935,0,1,1,5,1,137000,1
1274,11512,7,1959,1357,0,1,1,5,1,177000,1
1275,5362,6,1910,661,589,0,2,8,2,139000,1
1276,11345,5,1948,928,992,0,2,10,2,137000,1
1277,12936,6,1972,735,660,0,1,6,2,162000,1
1278,17871,5,1967,1724,0,1,1,7,2,197900,1
1279,9473,5,2002,1128,903,1,2,7,2,237000,1
1280,7500,4,1920,698,430,0,1,6,2,68400,1
1281,9808,5,2002,1573,0,1,2,6,2,227000,1
1282,8049,5,1990,1339,0,1,2,6,2,180000,1
1283,8800,7,1977,1040,0,0,2,5,2,150500,1
1284,9400,5,1971,912,912,0,2,8,0,139000,1
1285,9638,7,1919,1699,748,0,2,10,1,169000,1
1286,6000,6,1939,825,587,0,1,6,1,132500,1
1287,9790,5,1963,1328,0,1,1,6,2,143000,1
1288,36500,5,1964,1582,0,0,2,7,2,190000,1
1289,5664,5,2000,1659,0,1,2,5,2,278000,1
1290,11065,5,2006,1120,850,0,2,8,3,281000,1
1291,14112,7,1964,1152,0,1,1,6,2,180500,1
1292,1680,7,1972,630,672,0,2,6,1,119500,1
1293,6600,4,1892,1378,994,0,2,11,1,107500,1
1294,10140,5,1976,832,832,0,2,8,2,162900,1
1295,8172,7,1955,864,0,1,1,5,2,115000,1
1296,8400,5,1968,1052,0,1,1,5,1,138500,1
1297,8700,6,1963,1128,0,1,2,6,2,155000,1
1298,3675,5,2005,1072,0,1,2,5,2,140000,1
1299,63887,5,2008,4692,950,2,2,12,2,160000,1
1300,7500,7,1959,1246,0,1,1,6,1,154000,1
1301,10762,5,1999,1005,978,0,2,9,2,225000,1
1302,7500,7,1942,753,741,0,1,7,1,177500,1
1303,10120,5,1994,1203,1323,1,2,8,3,290000,1
1304,8688,5,2005,1616,0,0,2,7,3,232000,1
1305,3363,5,2004,976,732,0,2,7,2,130000,1
1306,13173,5,2006,1652,0,1,2,6,2,325000,1
1307,6955,5,2005,1368,0,0,2,6,2,202500,1
1308,8072,5,1994,990,0,1,1,5,2,138000,1
1309,12000,7,1948,1122,0,1,1,6,2,147000,1
1310,7153,5,1991,1294,0,1,2,6,2,179200,1
1311,17500,8,1959,1902,0,1,2,7,2,335000,1
1312,8814,5,2005,1274,0,1,2,6,2,203000,1
1313,9572,5,1990,1453,1357,0,2,9,2,302000,1
1314,14774,5,1999,1422,1177,0,2,10,3,333168,1
1315,8190,6,1954,948,0,1,1,5,1,119000,1
1316,11075,5,1969,1092,1020,0,2,9,2,206900,1
1317,10226,5,2008,1630,0,1,2,8,3,295493,1
1318,4230,5,2006,1352,0,0,2,5,2,208900,1
1319,14781,5,2001,1787,0,0,2,7,3,275000,1
1320,10215,5,1954,948,0,0,1,5,1,111000,1
1321,8400,3,1957,1478,0,1,1,6,2,156500,1
1322,6627,6,1949,720,0,0,1,4,1,72500,1
1323,10186,5,1992,1061,862,1,2,8,2,190000,1
1324,5330,7,1940,708,0,0,1,5,0,82500,1
1325,9986,5,2006,1795,0,0,2,7,3,147000,1
1326,3636,4,1922,796,0,0,1,5,0,55000,1
1327,4270,6,1931,774,0,0,1,6,0,79000,1
1328,6600,9,1982,816,0,0,1,5,1,130500,1
1329,10440,7,1920,1584,1208,0,2,8,2,256000,1
1330,9084,5,1998,955,677,0,2,8,2,176500,1
1331,10000,5,2006,1588,0,0,2,7,3,227000,1
1332,10780,5,1976,954,0,0,1,6,2,132500,1
1333,8877,6,1938,816,0,1,1,3,1,100000,1
1334,7200,6,1938,803,557,0,1,6,1,125500,1
1335,2368,6,1970,765,600,0,1,7,2,125000,1
1336,9650,5,1977,1334,0,0,2,6,2,167900,1
1337,9246,5,1973,1656,0,0,2,8,2,135000,1
1338,4118,4,1941,693,0,0,1,4,0,52500,1
1339,13450,5,2002,920,941,1,2,8,2,200000,1
1340,9560,7,1972,864,0,0,1,5,1,128500,1
1341,8294,5,1971,872,0,0,1,5,4,123000,1
1342,13695,5,2003,1114,0,1,1,6,2,155000,1
1343,9375,5,2002,1284,885,0,2,7,2,228500,1
1344,7558,6,1928,1172,741,0,1,9,2,177000,1
1345,11103,5,2006,728,728,0,2,8,2,155835,1
1346,6000,4,1920,960,0,0,1,5,1,108500,1
1347,20781,7,1968,2156,0,0,2,9,2,262500,1
1348,15306,5,2006,1776,0,1,2,7,3,283463,1
1349,16196,5,1998,1494,0,1,2,5,2,215000,1
1350,5250,5,1872,938,1215,0,2,8,0,122000,1
1351,11643,5,1969,1338,1296,1,2,12,4,200000,1
1352,9247,6,1962,858,858,0,1,8,2,171000,1
1353,6000,9,1937,786,390,0,1,4,2,134900,1
1354,14720,5,1995,2053,1185,1,2,9,3,410000,1
1355,10316,5,2000,992,873,1,2,7,3,235000,1
1356,10192,6,1968,1222,698,0,3,8,2,170000,1
1357,9477,5,1966,892,0,0,1,5,1,110000,1
1358,12537,6,1971,1078,0,1,1,6,2,149900,1
1359,2117,5,2000,769,804,0,2,5,2,177500,1
1360,16737,5,2004,1980,0,1,2,8,3,315000,1
1361,9842,6,1921,990,1611,0,3,8,2,189000,1
1362,16158,5,2005,1530,0,1,2,7,2,260000,1
1363,12513,4,1920,1281,457,0,2,7,1,104900,1
1364,8499,5,2006,616,796,0,2,6,2,156932,1
1365,3180,5,2005,520,600,0,2,4,2,144152,1
1366,7500,5,2000,814,860,1,2,7,2,216000,1
1367,9179,5,1999,882,908,1,2,7,2,193000,1
1368,2665,6,1977,925,550,0,2,6,1,127000,1
1369,4435,5,2003,848,0,1,1,4,2,144000,1
1370,10635,5,2003,1668,0,1,2,8,2,232000,1
1371,5400,6,1920,840,534,0,1,6,1,105000,1
1372,9600,6,1955,1661,0,1,1,8,1,165500,1
1373,9750,6,1998,1108,989,1,2,8,2,274300,1
1374,11400,5,2001,2633,0,1,2,8,3,466500,1
1375,10625,5,2005,1026,932,0,2,9,3,250000,1
1376,10991,5,2007,1571,0,0,2,7,3,239000,1
1377,6292,5,1930,790,0,0,1,4,1,91000,1
1378,10998,5,1941,984,620,0,2,6,2,117000,1
1379,1953,5,1973,483,504,0,1,5,1,83000,1
1380,9735,5,2006,754,640,0,2,7,2,167500,1
1381,8212,3,1914,864,0,1,1,5,1,58500,1
1382,12925,7,1970,2117,0,0,2,7,2,237500,1
1383,7200,7,1920,998,764,1,1,8,2,157000,1
1384,25339,7,1918,1416,0,0,2,7,2,112000,1
1385,9060,5,1939,698,560,0,1,6,1,105000,1
1386,5436,8,1922,796,358,1,1,7,1,125500,1
1387,16692,5,1978,1392,1392,1,3,12,2,250000,1
1388,8520,7,1916,1664,862,0,2,10,1,136000,1
1389,14892,5,2006,1746,0,1,2,7,3,377500,1
1390,6000,6,1941,869,349,0,1,6,2,131000,1
1391,9100,5,2000,1525,0,1,2,6,2,235000,1
1392,8944,5,1967,1584,0,0,2,8,3,124000,1
1393,7838,5,1967,900,0,1,1,6,1,123000,1
1394,10800,7,1905,1221,691,0,2,7,2,163000,1
1395,4045,5,2006,1500,0,1,2,6,3,246578,1
1396,12665,5,2005,1133,1349,0,2,9,3,281213,1
1397,57200,5,1948,1687,0,1,1,7,2,160000,1
1398,6120,8,1920,939,574,0,1,8,1,137500,1
1399,7200,4,1950,1136,768,1,1,7,1,138000,1
1400,6171,6,1925,1160,448,0,2,7,1,137450,1
1401,6000,7,1929,950,208,0,1,5,1,120000,1
1402,7415,5,2004,864,729,1,2,8,2,193000,1
1403,6762,5,2006,1294,0,0,2,6,2,193879,1
1404,15256,5,2007,1464,0,1,2,6,3,282922,1
1405,10410,4,1915,694,520,0,1,6,3,105000,1
1406,3842,5,2004,1646,0,1,2,5,2,275000,1
1407,8445,7,1972,768,0,1,1,5,2,133000,1
1408,8780,5,1985,833,0,1,1,5,0,112000,1
1409,7740,7,1910,741,622,0,1,6,2,125500,1
1410,20544,6,1986,1236,857,0,2,7,2,215000,1
1411,12420,5,2001,944,896,1,2,6,2,230000,1
1412,9600,8,1950,1112,556,0,1,6,1,140000,1
1413,7200,5,1949,1040,0,0,2,6,2,90000,1
1414,10994,5,2005,1844,0,1,2,7,2,257000,1
1415,13053,7,1923,1053,795,0,1,8,2,207000,1
1416,3635,5,2007,1569,0,0,2,7,3,175900,1
1417,11340,6,1885,1246,1044,0,2,11,2,122500,1
1418,16545,5,1998,1310,1140,1,2,7,3,340000,1
1419,9204,5,1963,1144,0,1,1,6,1,124000,1
1420,16381,5,1969,1844,0,1,2,7,2,223000,1
1421,11700,6,1968,708,708,0,2,7,2,179900,1
1422,4043,5,1977,1069,0,0,2,4,2,127500,1
1423,4435,5,2003,848,0,1,1,3,2,136500,1
1424,19690,7,1966,1575,626,0,2,8,2,274970,1
1425,9503,5,1958,1344,0,1,1,6,1,144000,1
1426,10721,6,1959,1252,0,0,1,7,2,142000,1
1427,10944,5,1994,1223,904,1,2,5,2,271000,1
1428,10930,6,1945,1048,510,1,1,6,1,140000,1
1429,7200,7,1940,804,0,1,1,4,1,119000,1
1430,12546,7,1981,1440,0,0,2,7,2,182900,1
1431,21930,5,2005,734,1104,0,2,7,2,192140,1
1432,4928,6,1976,958,0,0,2,5,2,143750,1
1433,10800,6,1927,968,0,0,2,5,1,64500,1
1434,10261,5,2000,962,830,1,2,8,2,186500,1
1435,17400,5,1977,1126,0,1,2,5,2,160000,1
1436,8400,9,1962,1537,0,1,1,7,2,174000,1
1437,9000,6,1971,864,0,0,1,5,2,120500,1
1438,12444,5,2008,1932,0,1,2,7,3,394617,1
1439,7407,7,1957,1236,0,1,1,6,2,149700,1
1440,11584,6,1979,1040,685,0,2,6,2,197000,1
1441,11526,7,1922,1423,748,0,2,11,2,191000,1
1442,4426,5,2004,848,0,1,1,3,2,149300,1
1443,11003,5,2008,1026,981,1,2,10,3,310000,1
1444,8854,6,1916,952,0,0,1,4,1,121000,1
1445,8500,5,2004,1422,0,0,2,7,2,179600,1
1446,8400,5,1966,913,0,1,1,6,1,129000,1
1447,26142,7,1962,1188,0,0,1,6,1,157900,1
1448,10000,5,1995,1220,870,1,2,8,2,240000,1
1449,11767,7,1910,796,550,0,1,6,1,112000,1
1450,1533,7,1970,630,0,1,1,3,0,92000,1
1451,9000,5,1974,896,896,0,2,8,0,136000,1
1452,9262,5,2008,1578,0,0,2,7,3,287090,1
1453,3675,5,2005,1072,0,1,1,5,2,145000,1
1454,17217,5,2006,1140,0,0,1,6,0,84500,1
1455,7500,5,2004,1221,0,1,2,6,2,185000,1
1456,7917,5,1999,953,694,0,2,7,2,175000,1
1457,13175,6,1978,2073,0,1,2,7,2,210000,1
1458,9042,9,1941,1188,1152,0,2,9,1,266500,1
1459,9717,6,1950,1078,0,1,1,5,1,142125,1
1460,9937,6,1965,1256,0,1,1,6,1,147500,1
